n,x_n,f_m,df_m,E
0,-1.57,-0.999999682931835,0.000796326710733263,1.0005
1,1254.19559150079,-0.644311542643648,-0.764763124121556,1255.76559150079
2,1253.3530933176,0.141894941895469,-0.989881722967184,0.842498183190628
3,1253.49643866746,-0.000969884976216978,-0.999999529661456,0.143345349856645
4,1253.49546878202,3.04093652752712e-10,-1,0.000969885432368756
5,1253.49546878233,0,-1,3.03998604067601e-10
