pol1,pol2,pol3,pol4
0.412401666666667,0.939385,-5.83615666666667,0.00465999999999966
