n,Xm,Fm,Dfm,Ddfm,Error
0,1,0.43656365691809,5.87312731383618,32.6193819415085,1.005
1,0.873402944474132,-0.0783309024811976,2.49149815242004,21.6635607294713,0.126597055525868
2,0.898092875884511,-0.0100389928710216,3.04767624118809,23.4159721723752,0.0246899314103797
3,0.901305550939755,-0.000126546458899313,3.12328884749643,23.6559330767508,0.00321267505524303
