n,Xn,Fm,Error
0,0,2,1.005
0,0.6,-0.133341170879319,1.005
1,0.562497933467147,-0.0681208603377579,0.0375020665328534
2,0.523328033547184,0.0134533700526571,0.0391698999199621
3,0.529788004496671,-0.000892696491401335,0.00645997094948647
4,0.52938602717533,-1.00129695024265e-05,0.000401977321341063
