n,Xn,Fm,Error
0,2,-1,1.005
0,3,16,1.005
1,2.05882352941176,-0.39079991858335,0.457142857142857
2,2.08126365984502,-0.147204059553755,0.0107819738874069
3,2.09482414609405,0.00304379559888473,0.0064733291690923
4,2.09454943103525,-2.28865806535033e-05,0.000131157114143131
