n,Xn,Fm,Error
0,-7,-1.99908811803445,1.005
0,2,5.38905609893065,1.005
1,-4.56477505934492,-1.98958777892481,6.56477505934492
2,-2.79463999852949,-1.93886312026203,1.77013506081543
3,64.8657381641735,1.48194521660967e+28,67.660378162703
4,-2.79463999852949,-1.93886312026203,67.660378162703
5,-2.79463999852949,-1.93886312026203,0
