n,Xm,Fm,Error
0,0,-4,1.005
1,-4,-64,4
2,-68,-314368,64
3,-314436,-3.10882867209994e+16,314368
4,-3.10882867213139e+16,-3.00462561984026e+49,3.10882867209994e+16
5,-3.00462561984026e+49,-2.71250844018886e+148,3.00462561984026e+49
6,-2.71250844018886e+148,-Inf,2.71250844018886e+148
7,-Inf,NaN,Inf
8,-Inf,NaN,NaN
