n,Xn,Fm,Error
1,0.85,-0.130848561744575,1.005
2,0.925,0.0806888978225251,0.0750000000000001
3,0.8875,-0.0410234740685507,0.0375000000000001
4,0.90625,0.0156070819291223,0.01875
5,0.896875,-0.0137333410592007,0.00937500000000002
6,0.9015625,0.00067676080353074,0.00468750000000007
