polinomio,a,b,c,d
1,0,0,1,0
2,0,-8.88178419700125e-16,0.999999999999996,0
