polinomio,a,b,c,d
1,-0.5,1.5,-5.10702591327572e-15,4.44089209850063e-15
2,0.5,-4.5,12,-8
