n,Xn,Fm,Error
1,-1.5,-0.375,1.005
2,-1.25,1.046875,0.25
3,-1.375,0.400390625,0.125
4,-1.4375,0.029541015625,0.0625
5,-1.46875,-0.168426513671875,0.03125
6,-1.453125,-0.0683784484863281,0.015625
