pol1,pol2,pol3,pol4,pol5,pol6
-0.025,1.08333333333333,-12.0416666666667,53.4166666666667,-90.4333333333333,73
