pol1,pol2,pol3,pol4,pol5,pol6
-0.0249999999999914,1.08333333333319,-12.0416666666658,53.416666666664,-90.4333333333299,72.9999999999984
