listTable1,listTable2,listTable3,listTable4,listTable5
0,1.005,0,0,0
1,NaN,0.0888888888888889,NaN,0.272727272727273
