n,Xn,Fm,Error
1,2.5,1.75381963974011,1.005
2,2.25,0.311835307002177,0.25
3,2.125,-0.29130455336421,0.125
4,2.1875,0.000617127247475313,0.0625
5,2.15625,-0.147737258137847,0.03125
6,2.171875,-0.0741609180200822,0.015625
7,2.1796875,-0.0369224036807279,0.0078125
8,2.18359375,-0.0181903013560123,0.00390625
