n,x_n,f_m,df_m,E
0,0,2,-5,1.005
1,0.4,0.347021741983621,-3.1223826064131,0.4
2,0.511140044551513,0.0414410397661653,-2.3449941987341,0.111140044551513
3,0.5288121734585,0.00125239873305327,-2.20225228462885,0.0176721289069869
4,0.529380863404604,1.33460397266916e-06,-2.19755760158236,0.000568689946104151
