n,Xm,Fm,Dfm,Ddfm,Error
0,0,2,-5,4,1.005
1,1,0.43656365691809,5.87312731383618,32.6193819415085,1
2,1,0.43656365691809,5.87312731383618,32.6193819415085,0
