polinomio,a,b,c,d
1,0.200000000000002,-0.600000000000009,1.40000000000001,-1.28053946047691e-14
2,-1,6.60000000000003,-13,9.60000000000004
3,0.800000000000001,-9.60000000000002,35.6000000000001,-39.0000000000001
